Date, Unread, Inbox Total, Deleted Total

2014-01-06 14:45:05, 257, 1363, 969
2014-01-06 14:50:15, 259, 1366, 971
2014-01-06 14:55:07, 265, 1369, 974
2014-01-06 15:00:06, 258, 1365, 978
2014-01-06 15:05:07, 259, 1366, 981
2014-01-06 15:10:05, 257, 1364, 985
2014-01-06 15:15:06, 258, 1365, 985
2014-01-06 15:20:06, 258, 1365, 985
2014-01-06 15:25:04, 255, 1363, 989
2014-01-06 15:30:05, 256, 1366, 990
2014-01-06 15:35:04, 258, 1371, 990
2014-01-06 15:40:03, 257, 1374, 990
2014-01-06 15:45:08, 261, 1378, 990
2014-01-06 15:50:05, 258, 1377, 996
2014-01-06 15:55:06, 255, 1375, 999
2014-01-06 16:00:05, 255, 1375, 999
2014-01-06 16:05:11, 256, 1376, 999
2014-01-06 16:10:06, 256, 1376, 999
2014-01-06 16:15:08, 255, 1376, 1000
2014-01-06 16:20:08, 257, 1378, 1000
2014-01-06 16:25:04, 257, 1378, 1000
2014-01-06 16:30:07, 256, 1378, 1000
2014-01-06 16:35:04, 256, 1378, 1000
2014-01-06 16:40:08, 256, 1379, 1000
2014-01-06 16:45:03, 256, 1379, 1000
2014-01-06 16:50:07, 256, 1379, 1000
2014-01-06 16:55:04, 256, 1379, 1000
2014-01-06 17:00:10, 256, 1379, 1000
2014-01-06 17:05:05, 257, 1380, 1000
2014-01-06 17:10:08, 257, 1380, 1000
2014-01-06 17:15:05, 258, 1381, 1000
2014-01-06 17:20:06, 258, 1381, 1000
2014-01-06 17:25:07, 258, 1381, 1000
2014-01-06 17:30:06, 258, 1381, 1000
2014-01-06 17:35:04, 258, 1381, 1000
2014-01-06 17:40:05, 258, 1381, 1000
2014-01-06 17:45:06, 259, 1382, 1000
2014-01-06 17:50:04, 259, 1382, 1000
2014-01-06 17:55:06, 259, 1382, 1000
2014-01-06 18:00:04, 259, 1382, 1000
2014-01-06 18:05:04, 259, 1382, 1000
2014-01-06 18:10:04, 260, 1383, 1000
2014-01-06 18:15:06, 260, 1383, 1000
2014-01-06 18:20:05, 260, 1383, 1000
2014-01-06 18:25:06, 260, 1383, 1000
2014-01-06 18:30:07, 260, 1383, 1000
2014-01-06 18:35:05, 260, 1383, 1000
2014-01-06 18:40:05, 260, 1383, 1000
2014-01-06 18:45:30, 260, 1383, 1000
2014-01-06 18:50:06, 260, 1383, 1000
2014-01-06 18:55:06, 260, 1383, 1000
2014-01-06 19:00:06, 260, 1383, 1000
2014-01-06 19:05:05, 261, 1384, 1000
2014-01-06 19:10:05, 261, 1384, 1000
2014-01-06 19:15:06, 261, 1384, 1000
2014-01-06 19:20:04, 261, 1384, 1000
2014-01-06 19:25:05, 261, 1384, 1000
2014-01-06 19:30:03, 261, 1384, 1000
2014-01-06 19:35:05, 261, 1384, 1000
2014-01-06 19:40:06, 261, 1384, 1000
2014-01-06 19:45:04, 261, 1384, 1000
2014-01-06 19:50:07, 261, 1384, 1000
2014-01-06 19:55:05, 261, 1384, 1000
2014-01-06 20:00:08, 261, 1384, 1000
2014-01-06 20:05:07, 261, 1384, 1000
2014-01-06 20:10:04, 261, 1384, 1000
2014-01-06 20:15:05, 261, 1384, 1000
2014-01-06 20:20:04, 261, 1384, 1000
2014-01-06 20:25:05, 261, 1384, 1000
2014-01-06 20:30:05, 261, 1384, 1000
2014-01-06 20:35:06, 261, 1384, 1000
2014-01-06 20:40:08, 261, 1384, 1000
2014-01-06 20:45:04, 261, 1384, 1000
2014-01-06 20:50:05, 261, 1385, 1000
2014-01-06 20:55:07, 261, 1385, 1000
2014-01-06 21:00:04, 261, 1385, 1000
2014-01-06 21:05:27, 261, 1385, 1000
2014-01-06 21:10:06, 261, 1385, 1000
2014-01-06 21:15:07, 261, 1385, 1000
2014-01-06 21:20:05, 261, 1385, 1000
2014-01-06 21:25:05, 261, 1385, 1000
2014-01-06 21:30:07, 261, 1385, 1000
2014-01-06 21:35:05, 261, 1385, 1000
2014-01-06 21:40:08, 261, 1385, 1000
2014-01-06 21:45:06, 261, 1385, 1000
2014-01-06 21:50:07, 261, 1385, 1000
2014-01-06 21:55:06, 261, 1385, 1000
2014-01-06 22:00:09, 262, 1386, 1000
2014-01-06 22:05:05, 262, 1386, 1000
2014-01-06 22:10:06, 262, 1386, 1000
2014-01-06 22:15:07, 262, 1386, 1000
2014-01-06 22:20:07, 263, 1387, 1000
2014-01-06 22:25:07, 263, 1387, 1000
2014-01-06 22:30:04, 263, 1387, 1000
2014-01-06 22:35:07, 263, 1387, 1000
2014-01-06 22:40:05, 263, 1387, 1000
2014-01-06 22:45:04, 263, 1387, 1000
2014-01-06 22:50:05, 263, 1387, 1000
2014-01-06 22:55:03, 263, 1387, 1000
2014-01-06 23:00:06, 263, 1387, 1000
2014-01-06 23:05:06, 263, 1387, 1000
2014-01-06 23:10:05, 263, 1387, 1000
2014-01-06 23:15:04, 263, 1387, 1000
2014-01-06 23:20:10, 263, 1387, 1000
2014-01-06 23:25:06, 263, 1387, 1000
2014-01-06 23:30:08, 261, 1387, 1000
2014-01-06 23:35:06, 261, 1387, 1000
2014-01-06 23:40:07, 261, 1387, 1000
2014-01-06 23:45:05, 262, 1388, 1000
2014-01-06 23:50:04, 262, 1388, 1000
2014-01-06 23:55:07, 263, 1389, 1000
2014-01-07 00:00:06, 263, 1389, 1000
2014-01-07 00:05:05, 263, 1389, 1000
2014-01-07 00:10:05, 263, 1389, 1000
2014-01-07 00:15:04, 263, 1389, 1000
2014-01-07 00:20:04, 263, 1389, 1000
2014-01-07 00:25:03, 263, 1389, 1000
2014-01-07 00:30:07, 263, 1389, 1000
2014-01-07 00:35:05, 263, 1389, 1000
2014-01-07 00:40:06, 263, 1389, 1000
2014-01-07 00:45:07, 263, 1389, 1000
2014-01-07 00:50:07, 263, 1389, 1000
2014-01-07 00:55:06, 263, 1389, 1000
2014-01-07 01:00:07, 263, 1389, 1001
2014-01-07 01:05:06, 264, 1390, 1002
2014-01-07 01:10:06, 264, 1390, 1002
2014-01-07 01:15:08, 264, 1390, 1002
2014-01-07 01:20:10, 264, 1390, 1002
2014-01-07 01:25:12, 264, 1390, 1002
2014-01-07 01:30:07, 264, 1390, 1002
2014-01-07 01:35:08, 264, 1390, 1002
2014-01-07 01:40:04, 264, 1390, 1002
2014-01-07 01:45:05, 264, 1390, 1002
2014-01-07 01:50:05, 264, 1390, 1002
2014-01-07 01:55:07, 264, 1390, 1002
2014-01-07 02:00:04, 264, 1390, 1002
2014-01-07 02:05:07, 265, 1391, 1002
2014-01-07 02:10:07, 265, 1391, 1002
2014-01-07 02:15:07, 265, 1391, 1002
2014-01-07 02:20:06, 265, 1391, 1002
2014-01-07 02:25:08, 265, 1391, 1002
2014-01-07 02:30:08, 265, 1391, 1002
2014-01-07 02:35:06, 265, 1391, 1002
2014-01-07 02:40:08, 265, 1391, 1002
2014-01-07 02:45:05, 265, 1391, 1002
2014-01-07 02:50:07, 265, 1391, 1002
2014-01-07 02:55:05, 265, 1391, 1002
2014-01-07 03:00:05, 265, 1391, 1002
2014-01-07 03:05:07, 265, 1391, 1002
2014-01-07 03:10:05, 266, 1392, 1002
2014-01-07 03:15:08, 266, 1392, 1002
2014-01-07 03:20:05, 266, 1392, 1002
2014-01-07 03:25:07, 266, 1392, 1002
2014-01-07 03:30:06, 266, 1392, 1002
2014-01-07 03:35:06, 266, 1392, 1002
2014-01-07 03:40:05, 266, 1392, 1002
2014-01-07 03:45:04, 266, 1392, 1002
2014-01-07 03:50:07, 266, 1392, 1002
2014-01-07 03:55:04, 266, 1392, 1002
2014-01-07 04:00:06, 266, 1392, 1002
2014-01-07 04:05:09, 266, 1392, 1002
2014-01-07 04:10:06, 266, 1392, 1002
2014-01-07 04:15:08, 266, 1392, 1002
2014-01-07 04:20:06, 266, 1392, 1002
2014-01-07 04:25:05, 266, 1392, 1002
2014-01-07 04:30:04, 266, 1392, 1002
2014-01-07 04:35:05, 266, 1392, 1002
2014-01-07 04:40:07, 266, 1392, 1002
2014-01-07 04:45:08, 266, 1392, 1002
2014-01-07 04:50:03, 266, 1392, 1002
2014-01-07 04:55:05, 266, 1392, 1002
2014-01-07 05:00:04, 266, 1392, 1002
2014-01-07 05:05:09, 266, 1392, 1002
2014-01-07 05:10:05, 267, 1393, 1002
2014-01-07 05:15:05, 267, 1393, 1002
2014-01-07 05:20:04, 267, 1393, 1002
2014-01-07 05:25:05, 267, 1393, 1002
2014-01-07 05:30:06, 267, 1393, 1002
2014-01-07 05:35:05, 267, 1393, 1002
2014-01-07 05:40:04, 267, 1393, 1002
2014-01-07 05:45:08, 267, 1393, 1002
2014-01-07 05:50:07, 267, 1393, 1002
2014-01-07 05:55:04, 267, 1393, 1002
2014-01-07 06:00:06, 267, 1393, 1002
2014-01-07 06:05:05, 267, 1393, 1002
2014-01-07 06:10:04, 267, 1393, 1002
2014-01-07 06:15:04, 268, 1394, 1002
2014-01-07 06:20:06, 268, 1394, 1002
2014-01-07 06:25:05, 268, 1394, 1002
2014-01-07 06:30:07, 268, 1394, 1002
2014-01-07 06:35:25, 269, 1395, 1002
2014-01-07 06:40:06, 269, 1395, 1002
2014-01-07 06:45:05, 269, 1395, 1002
2014-01-07 06:50:05, 269, 1395, 1002
2014-01-07 06:55:05, 269, 1395, 1002
2014-01-07 07:00:06, 269, 1395, 1002
2014-01-07 07:05:06, 269, 1395, 1002
2014-01-07 07:10:06, 269, 1395, 1002
2014-01-07 07:15:04, 269, 1395, 1002
2014-01-07 07:20:06, 269, 1395, 1002
2014-01-07 07:25:05, 269, 1395, 1002
2014-01-07 07:30:05, 269, 1395, 1002
2014-01-07 07:35:05, 269, 1395, 1002
2014-01-07 07:40:04, 269, 1395, 1002
2014-01-07 07:45:07, 269, 1395, 1002
2014-01-07 07:50:05, 269, 1395, 1002
2014-01-07 07:55:08, 269, 1395, 1002
2014-01-07 08:00:03, 269, 1395, 1002
2014-01-07 08:05:06, 269, 1395, 1002
2014-01-07 08:10:05, 269, 1395, 1002
2014-01-07 08:15:05, 269, 1395, 1002
2014-01-07 08:20:03, 269, 1395, 1002
2014-01-07 08:25:04, 269, 1395, 1002
2014-01-07 08:30:06, 270, 1396, 1002
2014-01-07 08:35:06, 270, 1396, 1002
2014-01-07 08:40:06, 270, 1396, 1002
2014-01-07 08:45:04, 270, 1396, 1002
2014-01-07 08:50:03, 270, 1397, 1002
2014-01-07 08:55:04, 270, 1397, 1002
2014-01-07 09:00:03, 272, 1399, 1002
2014-01-07 09:05:05, 274, 1401, 1002
2014-01-07 09:10:04, 277, 1404, 1002
2014-01-07 09:15:04, 278, 1405, 1002
2014-01-07 09:20:09, 278, 1405, 1002
2014-01-07 09:25:05, 278, 1405, 1002
2014-01-07 09:30:05, 278, 1406, 1002
2014-01-07 09:35:04, 280, 1408, 1002
2014-01-07 09:40:05, 280, 1408, 1003
2014-01-07 09:45:04, 279, 1409, 1003
2014-01-07 09:50:04, 279, 1409, 1003
2014-01-07 09:55:05, 279, 1409, 1003
2014-01-07 10:00:04, 280, 1410, 1003
2014-01-07 10:05:05, 280, 1412, 1003
2014-01-07 10:10:04, 281, 1414, 1003
2014-01-07 10:15:05, 282, 1415, 1003
2014-01-07 10:20:05, 282, 1417, 1004
2014-01-07 10:25:20, 283, 1419, 1004
2014-01-07 10:30:05, 283, 1419, 1004
2014-01-07 10:35:05, 283, 1419, 1004
2014-01-07 10:40:05, 283, 1419, 1004
2014-01-07 10:45:05, 283, 1420, 1004
2014-01-07 10:50:28, 284, 1422, 1004
2014-01-07 10:55:05, 285, 1423, 1004
2014-01-07 11:00:09, 285, 1423, 1004
2014-01-07 11:05:07, 282, 1419, 1010
2014-01-07 11:10:06, 283, 1421, 1010
2014-01-07 11:15:06, 283, 1421, 1010
2014-01-07 11:20:07, 285, 1423, 1010
2014-01-07 11:25:11, 288, 1426, 1010
2014-01-07 11:30:05, 288, 1428, 1010
2014-01-07 11:35:20, 287, 1428, 1012
2014-01-07 11:40:06, 287, 1428, 1012
2014-01-07 11:45:05, 289, 1430, 1012
2014-01-07 11:50:05, 289, 1431, 1012
2014-01-07 11:55:07, 289, 1431, 1012
2014-01-07 12:00:03, 292, 1434, 1012
2014-01-07 12:05:10, 294, 1436, 1012
2014-01-07 12:10:04, 293, 1436, 1012
2014-01-07 12:15:03, 292, 1436, 1012
2014-01-07 12:20:04, 292, 1436, 1012
2014-01-07 12:25:19, 292, 1436, 1012
2014-01-07 12:30:06, 292, 1436, 1012
2014-01-07 12:35:07, 294, 1438, 1012
2014-01-07 12:40:04, 295, 1439, 1012
2014-01-07 12:45:05, 292, 1439, 1012
2014-01-07 12:50:04, 293, 1440, 1012
2014-01-07 12:55:04, 293, 1441, 1012
2014-01-07 13:00:08, 293, 1441, 1012
2014-01-07 13:05:05, 293, 1441, 1012
2014-01-07 13:10:08, 295, 1443, 1012
2014-01-07 13:15:06, 295, 1443, 1012
2014-01-07 13:20:27, 296, 1444, 1012
2014-01-07 13:25:04, 297, 1445, 1012
2014-01-07 13:30:06, 297, 1445, 1012
2014-01-07 13:35:05, 297, 1445, 1012
2014-01-07 13:40:03, 299, 1447, 1013
2014-01-07 13:45:05, 295, 1446, 1016
2014-01-07 13:50:05, 291, 1440, 1024
2014-01-07 13:55:05, 285, 1433, 1032
2014-01-07 14:00:12, 282, 1429, 1037
2014-01-07 14:05:04, 281, 1430, 1037
2014-01-07 14:10:11, 272, 1419, 1049
2014-01-07 14:15:06, 270, 1418, 1050
2014-01-07 14:20:07, 270, 1418, 1052
2014-01-07 14:25:06, 259, 1405, 1068
2014-01-07 14:30:05, 258, 1406, 1068
2014-01-07 14:35:49, 261, 1411, 1068
2014-01-07 14:40:05, 261, 1411, 1068
2014-01-07 14:45:06, 261, 1411, 1068
2014-01-07 14:50:05, 261, 1411, 1068
2014-01-07 14:55:06, 261, 1411, 1068
2014-01-07 15:00:16, 263, 1413, 1068
2014-01-07 15:05:05, 255, 1410, 1071
2014-01-07 15:10:07, 255, 1411, 1071
2014-01-07 15:15:05, 258, 1414, 1071
2014-01-07 15:20:07, 259, 1415, 1071
2014-01-07 15:25:05, 261, 1417, 1071
2014-01-07 15:30:22, 266, 1422, 1071
2014-01-07 15:35:05, 267, 1423, 1071
2014-01-07 15:40:05, 267, 1423, 1071
2014-01-07 15:45:06, 267, 1424, 1071
2014-01-07 15:50:05, 268, 1425, 1071
2014-01-07 15:55:08, 267, 1425, 1071
2014-01-07 16:00:05, 266, 1425, 1072
2014-01-07 16:05:05, 266, 1425, 1072
2014-01-07 16:10:07, 267, 1426, 1072
2014-01-07 16:15:09, 267, 1418, 1082
2014-01-07 16:20:06, 267, 1418, 1082
2014-01-07 16:25:07, 261, 1408, 1092
2014-01-07 16:30:36, 261, 1409, 1092
2014-01-07 16:35:07, 262, 1411, 1092
2014-01-07 16:40:04, 262, 1411, 1093
2014-01-07 16:45:06, 263, 1413, 1093
2014-01-07 16:50:08, 264, 1415, 1084
2014-01-07 16:55:05, 259, 1409, 1090
2014-01-07 17:00:04, 259, 1409, 1091
2014-01-07 17:05:10, 261, 1410, 1091
2014-01-07 17:10:06, 263, 1412, 1091
2014-01-07 17:15:04, 263, 1412, 1091
2014-01-07 17:20:05, 265, 1414, 1091
2014-01-07 17:25:09, 267, 1416, 1091
2014-01-07 17:30:05, 267, 1416, 1091
2014-01-07 17:35:05, 267, 1416, 1091
2014-01-07 17:40:06, 268, 1417, 1091
2014-01-07 17:45:09, 266, 1418, 1091
2014-01-07 17:50:05, 266, 1418, 1091
2014-01-07 17:55:07, 267, 1419, 1091
2014-01-07 18:00:06, 267, 1419, 1091
2014-01-07 18:05:09, 268, 1420, 1091
2014-01-07 18:10:05, 268, 1420, 1091
2014-01-07 18:15:06, 268, 1420, 1091
2014-01-07 18:20:05, 268, 1420, 1091
2014-01-07 18:25:05, 268, 1420, 1091
2014-01-07 18:30:05, 268, 1420, 1091
2014-01-07 18:35:06, 268, 1420, 1091
2014-01-07 18:40:05, 268, 1420, 1091
2014-01-07 18:45:06, 269, 1421, 1091
2014-01-07 18:50:04, 269, 1421, 1091
2014-01-07 18:55:05, 269, 1421, 1091
2014-01-07 19:00:06, 269, 1421, 1091
2014-01-07 19:05:03, 270, 1422, 1091
2014-01-07 19:10:07, 270, 1422, 1091
2014-01-07 19:15:04, 270, 1422, 1091
2014-01-07 19:20:08, 270, 1422, 1091
2014-01-07 19:25:05, 270, 1423, 1091
2014-01-07 19:30:05, 270, 1423, 1091
2014-01-07 19:35:06, 271, 1424, 1091
2014-01-07 19:40:05, 271, 1424, 1091
2014-01-07 19:45:04, 271, 1424, 1091
2014-01-07 19:50:04, 271, 1424, 1091
2014-01-07 19:55:06, 271, 1424, 1091
2014-01-07 20:00:05, 270, 1424, 1091
2014-01-07 20:05:06, 272, 1426, 1091
2014-01-07 20:10:05, 272, 1427, 1091
2014-01-07 20:15:08, 272, 1427, 1091
2014-01-07 20:20:04, 272, 1427, 1091
2014-01-07 20:25:04, 271, 1427, 1091
2014-01-07 20:30:05, 271, 1427, 1091
2014-01-07 20:35:06, 271, 1427, 1091
2014-01-07 20:40:05, 271, 1427, 1091
2014-01-07 20:45:15, 271, 1427, 1091
2014-01-07 20:50:05, 271, 1427, 1091
2014-01-07 20:55:05, 271, 1427, 1091
2014-01-07 21:00:06, 271, 1427, 1091
2014-01-07 21:05:06, 271, 1427, 1091
2014-01-07 21:10:07, 271, 1427, 1091
2014-01-07 21:15:05, 271, 1427, 1091
2014-01-07 21:20:06, 271, 1427, 1091
2014-01-07 21:25:05, 271, 1427, 1091
2014-01-07 21:30:04, 271, 1427, 1091
2014-01-07 21:35:04, 271, 1427, 1091
2014-01-07 21:40:05, 271, 1427, 1091
2014-01-07 21:45:07, 271, 1427, 1091
2014-01-07 21:50:03, 271, 1427, 1091
2014-01-07 21:55:05, 271, 1427, 1091
2014-01-07 22:00:03, 271, 1427, 1091
2014-01-07 22:05:04, 271, 1427, 1091
2014-01-07 22:10:06, 271, 1427, 1091
2014-01-07 22:15:06, 271, 1427, 1091
2014-01-07 22:20:06, 271, 1427, 1091
2014-01-07 22:25:07, 271, 1427, 1091
2014-01-07 22:30:05, 271, 1427, 1091
2014-01-07 22:35:04, 271, 1427, 1091
2014-01-07 22:40:05, 271, 1427, 1091
2014-01-07 22:45:06, 271, 1427, 1091
2014-01-07 22:50:05, 271, 1427, 1091
2014-01-07 22:55:06, 271, 1427, 1091
2014-01-07 23:00:06, 271, 1427, 1091
2014-01-07 23:05:06, 271, 1427, 1091
2014-01-07 23:10:03, 271, 1427, 1091
2014-01-07 23:15:08, 271, 1427, 1091
2014-01-07 23:20:04, 271, 1427, 1091
2014-01-07 23:25:05, 271, 1427, 1091
2014-01-07 23:30:05, 271, 1427, 1091
2014-01-07 23:35:04, 271, 1427, 1091
2014-01-07 23:40:06, 271, 1427, 1091
2014-01-07 23:45:05, 271, 1427, 1091
2014-01-07 23:50:07, 272, 1428, 1091
2014-01-07 23:55:06, 272, 1428, 1091
2014-01-08 00:00:08, 272, 1428, 1091
2014-01-08 00:05:05, 272, 1428, 1091
2014-01-08 00:10:04, 272, 1428, 1091
2014-01-08 00:15:05, 272, 1428, 1091
2014-01-08 00:20:06, 276, 1432, 1091
2014-01-08 00:25:04, 276, 1432, 1091
2014-01-08 00:30:06, 276, 1432, 1091
2014-01-08 00:35:04, 276, 1432, 1091
2014-01-08 00:40:08, 276, 1432, 1091
2014-01-08 00:45:06, 276, 1432, 1091
2014-01-08 00:50:07, 276, 1432, 1091
2014-01-08 00:55:06, 276, 1432, 1091
2014-01-08 01:00:04, 276, 1432, 1091
2014-01-08 01:05:06, 277, 1433, 1091
2014-01-08 01:10:05, 277, 1433, 1091
2014-01-08 01:20:05, 277, 1433, 1091
2014-01-08 01:25:05, 277, 1433, 1091
2014-01-08 01:30:06, 277, 1433, 1091
2014-01-08 01:35:04, 277, 1433, 1091
2014-01-08 01:40:05, 277, 1433, 1091
2014-01-08 01:45:04, 277, 1433, 1091
2014-01-08 01:50:05, 277, 1433, 1091
2014-01-08 01:55:05, 277, 1433, 1091
2014-01-08 02:00:05, 278, 1434, 1091
2014-01-08 02:05:05, 278, 1434, 1091
2014-01-08 02:10:05, 278, 1434, 1091
2014-01-08 02:15:06, 278, 1434, 1091
2014-01-08 02:20:16, 278, 1434, 1091
2014-01-08 02:25:07, 278, 1434, 1091
2014-01-08 02:30:09, 278, 1434, 1091
2014-01-08 02:35:06, 282, 1438, 1091
2014-01-08 02:40:06, 282, 1438, 1091
2014-01-08 02:45:07, 282, 1438, 1091
2014-01-08 02:50:05, 282, 1438, 1091
2014-01-08 02:55:04, 282, 1438, 1091
2014-01-08 03:00:05, 282, 1438, 1091
2014-01-08 03:05:06, 282, 1438, 1091
2014-01-08 03:10:06, 282, 1438, 1091
2014-01-08 03:15:06, 282, 1438, 1091
2014-01-08 03:20:04, 282, 1438, 1091
2014-01-08 03:25:06, 282, 1438, 1091
2014-01-08 03:30:04, 282, 1438, 1091
2014-01-08 03:35:04, 282, 1438, 1091
2014-01-08 03:40:07, 282, 1438, 1091
2014-01-08 03:45:03, 282, 1438, 1091
2014-01-08 03:50:07, 282, 1438, 1091
2014-01-08 03:55:05, 282, 1438, 1091
2014-01-08 04:00:04, 282, 1438, 1091
2014-01-08 04:05:03, 282, 1438, 1091
2014-01-08 04:10:08, 282, 1438, 1091
2014-01-08 04:15:05, 282, 1438, 1091
2014-01-08 04:20:07, 282, 1438, 1091
2014-01-08 04:25:05, 282, 1438, 1091
2014-01-08 04:30:05, 282, 1438, 1091
2014-01-08 04:35:06, 282, 1438, 1091
2014-01-08 04:40:06, 282, 1438, 1091
2014-01-08 04:45:06, 282, 1438, 1091
2014-01-08 04:50:04, 282, 1438, 1091
2014-01-08 04:55:05, 282, 1438, 1091
2014-01-08 05:00:04, 283, 1439, 1091
2014-01-08 05:05:07, 283, 1439, 1091
2014-01-08 05:10:04, 283, 1439, 1091
2014-01-08 05:15:04, 283, 1439, 1091
2014-01-08 05:20:07, 283, 1439, 1091
2014-01-08 05:25:05, 283, 1439, 1091
2014-01-08 05:30:05, 283, 1439, 1091
2014-01-08 05:35:03, 283, 1439, 1091
2014-01-08 05:40:06, 283, 1439, 1091
2014-01-08 05:45:04, 283, 1439, 1091
2014-01-08 05:50:05, 283, 1439, 1091
2014-01-08 05:55:07, 283, 1439, 1091
2014-01-08 06:00:04, 280, 1439, 1091
2014-01-08 06:05:06, 280, 1439, 1091
2014-01-08 06:10:05, 280, 1439, 1091
2014-01-08 06:15:04, 281, 1440, 1091
2014-01-08 06:20:06, 281, 1440, 1091
2014-01-08 06:25:06, 281, 1440, 1091
2014-01-08 06:30:04, 281, 1440, 1091
2014-01-08 06:35:05, 281, 1440, 1091
2014-01-08 06:40:06, 281, 1440, 1091
2014-01-08 06:45:05, 281, 1440, 1091
2014-01-08 06:50:09, 281, 1440, 1091
2014-01-08 06:55:04, 281, 1440, 1091
2014-01-08 07:00:06, 282, 1441, 1091
2014-01-08 07:05:06, 282, 1441, 1091
2014-01-08 07:10:05, 284, 1443, 1091
2014-01-08 07:15:04, 284, 1443, 1091
2014-01-08 07:20:06, 284, 1443, 1091
2014-01-08 07:25:05, 284, 1443, 1091
2014-01-08 07:30:05, 284, 1443, 1091
2014-01-08 07:35:07, 284, 1443, 1091
2014-01-08 07:40:06, 284, 1443, 1091
2014-01-08 07:45:06, 284, 1443, 1091
2014-01-08 07:50:05, 284, 1443, 1091
2014-01-08 07:55:05, 284, 1443, 1091
2014-01-08 08:00:05, 284, 1443, 1091
2014-01-08 08:05:07, 286, 1445, 1091
2014-01-08 08:10:05, 286, 1445, 1091
2014-01-08 08:15:05, 286, 1445, 1091
2014-01-08 08:20:06, 287, 1446, 1091
2014-01-08 08:25:04, 287, 1446, 1091
2014-01-08 08:30:04, 287, 1446, 1091
2014-01-08 08:35:07, 287, 1446, 1091
2014-01-08 08:40:13, 288, 1447, 1091
2014-01-08 08:45:06, 288, 1447, 1091
2014-01-08 08:50:06, 290, 1449, 1091
2014-01-08 08:55:05, 279, 1439, 1101
2014-01-08 09:00:05, 256, 1402, 1138
2014-01-08 09:05:06, 256, 1402, 1138
2014-01-08 09:10:04, 256, 1402, 1138
2014-01-08 09:15:06, 256, 1402, 1138
2014-01-08 09:20:08, 258, 1404, 1138
2014-01-08 09:25:05, 258, 1404, 1138
2014-01-08 09:30:17, 259, 1405, 1138
2014-01-08 09:35:04, 261, 1407, 1138
2014-01-08 09:40:07, 261, 1407, 1138
2014-01-08 09:45:06, 259, 1408, 1138
2014-01-08 09:50:03, 259, 1408, 1138
2014-01-08 09:55:07, 258, 1408, 1138
2014-01-08 10:00:05, 258, 1408, 1138
2014-01-08 10:05:06, 258, 1408, 1138
2014-01-08 10:10:08, 257, 1408, 1138
2014-01-08 10:15:05, 257, 1408, 1138
2014-01-08 10:20:10, 261, 1412, 1138
2014-01-08 10:25:05, 261, 1412, 1138
2014-01-08 10:30:05, 262, 1414, 1138
2014-01-08 10:35:05, 262, 1414, 1138
2014-01-08 10:40:05, 262, 1414, 1138
2014-01-08 10:45:06, 262, 1414, 1138
2014-01-08 10:50:14, 262, 1414, 1138
2014-01-08 10:55:12, 262, 1414, 1138
2014-01-08 11:00:05, 261, 1413, 1140
2014-01-08 11:05:04, 261, 1413, 1140
2014-01-08 11:10:07, 260, 1413, 1140
2014-01-08 11:15:05, 262, 1415, 1140
2014-01-08 11:20:11, 262, 1416, 1140
2014-01-08 11:25:05, 260, 1416, 1140
2014-01-08 11:30:05, 260, 1416, 1140
2014-01-08 11:35:05, 261, 1418, 1140
2014-01-08 11:40:06, 261, 1418, 1140
2014-01-08 11:45:07, 261, 1418, 1140
2014-01-08 11:50:23, 263, 1420, 1140
2014-01-08 11:55:05, 264, 1421, 1140
2014-01-08 12:00:06, 264, 1421, 1140
2014-01-08 12:05:09, 264, 1422, 1140
2014-01-08 12:10:05, 264, 1422, 1140
2014-01-08 12:15:05, 264, 1422, 1140
2014-01-08 12:20:09, 265, 1423, 1140
2014-01-08 12:25:05, 265, 1423, 1140
2014-01-08 12:30:07, 266, 1424, 1140
2014-01-08 12:35:09, 268, 1426, 1140
2014-01-08 12:40:07, 268, 1426, 1140
2014-01-08 12:45:05, 269, 1427, 1140
2014-01-08 12:50:07, 269, 1428, 1140
2014-01-08 12:55:10, 269, 1428, 1140
2014-01-08 13:00:05, 269, 1428, 1140
2014-01-08 13:05:14, 269, 1428, 1140
2014-01-08 13:10:06, 273, 1432, 1140
2014-01-08 13:15:05, 274, 1433, 1140
2014-01-08 13:20:10, 275, 1434, 1140
2014-01-08 13:25:34, 277, 1436, 1140
2014-01-08 13:30:07, 279, 1438, 1140
2014-01-08 13:35:05, 279, 1438, 1140
2014-01-08 13:40:05, 279, 1438, 1140
2014-01-08 13:45:06, 279, 1438, 1140
2014-01-08 13:50:06, 279, 1438, 1140
2014-01-08 13:55:06, 280, 1439, 1140
2014-01-08 14:00:05, 280, 1439, 1140
2014-01-08 14:05:07, 280, 1440, 1140
2014-01-08 14:10:05, 281, 1442, 1140
2014-01-08 14:15:07, 281, 1442, 1140
2014-01-08 14:20:09, 285, 1446, 1140
2014-01-08 14:25:05, 285, 1446, 1140
2014-01-08 14:30:04, 276, 1442, 1145
2014-01-08 14:35:06, 275, 1442, 1145
2014-01-08 14:40:07, 275, 1442, 1145
2014-01-08 14:45:04, 276, 1443, 1145
2014-01-08 14:50:07, 276, 1443, 1145
2014-01-08 14:55:11, 276, 1443, 1145
2014-01-08 15:00:04, 277, 1444, 1146
2014-01-08 15:05:06, 278, 1446, 1146
2014-01-08 15:10:08, 275, 1443, 1149
2014-01-08 15:15:05, 275, 1443, 1149
2014-01-08 15:20:07, 275, 1443, 1149
2014-01-08 15:25:05, 275, 1443, 1149
2014-01-08 15:30:06, 275, 1443, 1149
2014-01-08 15:35:05, 275, 1443, 1149
2014-01-08 15:40:09, 276, 1444, 1149
2014-01-08 15:45:06, 275, 1445, 1149
2014-01-08 15:50:05, 275, 1445, 1149
2014-01-08 15:55:04, 275, 1445, 1149
2014-01-08 16:00:05, 275, 1445, 1149
2014-01-08 16:05:07, 275, 1445, 1149
2014-01-08 16:10:05, 276, 1446, 1149
2014-01-08 16:15:06, 276, 1447, 1149
2014-01-08 16:20:06, 277, 1449, 1149
2014-01-08 16:25:05, 275, 1448, 1150
2014-01-08 16:30:08, 275, 1448, 1150
2014-01-08 16:35:06, 276, 1449, 1150
2014-01-08 16:40:06, 275, 1447, 1152
2014-01-08 16:45:06, 273, 1447, 1152
2014-01-08 16:50:04, 273, 1447, 1152
2014-01-08 16:55:06, 273, 1447, 1152
2014-01-08 17:00:05, 273, 1447, 1152
2014-01-08 17:05:05, 273, 1447, 1152
2014-01-08 17:10:06, 273, 1447, 1152
2014-01-08 17:15:06, 273, 1447, 1152
2014-01-08 17:20:04, 273, 1447, 1152
2014-01-08 17:25:04, 273, 1447, 1152
2014-01-08 17:30:06, 273, 1447, 1152
2014-01-08 17:35:03, 273, 1447, 1152
2014-01-08 17:40:08, 273, 1447, 1152
2014-01-08 17:45:05, 273, 1447, 1152
2014-01-08 17:50:06, 273, 1447, 1152
2014-01-08 17:55:05, 273, 1447, 1152
2014-01-08 18:00:26, 274, 1448, 1152
2014-01-08 18:05:05, 275, 1449, 1152
2014-01-08 18:10:07, 275, 1449, 1152
2014-01-08 18:15:05, 275, 1449, 1152
2014-01-08 18:20:07, 276, 1450, 1152
2014-01-08 18:25:04, 275, 1450, 1152
2014-01-08 18:30:04, 275, 1450, 1152
2014-01-08 18:35:05, 276, 1451, 1152
2014-01-08 18:40:06, 276, 1451, 1152
2014-01-08 18:45:27, 277, 1452, 1152
2014-01-08 18:50:06, 275, 1452, 1152
2014-01-08 18:55:04, 275, 1452, 1152
2014-01-08 19:00:07, 275, 1452, 1152
2014-01-08 19:05:26, 276, 1453, 1152
2014-01-08 19:10:04, 276, 1453, 1152
2014-01-08 19:15:06, 276, 1453, 1152
2014-01-08 19:20:08, 276, 1453, 1152
2014-01-08 19:25:04, 276, 1453, 1152
2014-01-08 19:30:06, 276, 1453, 1152
2014-01-08 19:35:05, 276, 1453, 1152
2014-01-08 19:40:05, 276, 1453, 1152
2014-01-08 19:45:05, 276, 1453, 1152
2014-01-08 19:50:05, 276, 1453, 1152
2014-01-08 19:55:06, 276, 1453, 1152
2014-01-08 20:00:28, 276, 1453, 1152
2014-01-08 20:05:05, 276, 1453, 1152
2014-01-08 20:10:09, 276, 1453, 1152
2014-01-08 20:15:05, 276, 1453, 1152
2014-01-08 20:20:05, 276, 1453, 1152
2014-01-08 20:25:04, 277, 1454, 1152
2014-01-08 20:30:05, 277, 1454, 1152
2014-01-08 20:35:07, 277, 1454, 1152
2014-01-08 20:40:05, 277, 1454, 1152
2014-01-08 20:45:05, 277, 1454, 1152
2014-01-08 20:50:05, 277, 1454, 1152
2014-01-08 20:55:06, 277, 1454, 1152
2014-01-08 21:00:06, 277, 1454, 1152
2014-01-08 21:05:07, 277, 1454, 1152
2014-01-08 21:10:06, 277, 1454, 1152
2014-01-08 21:15:06, 277, 1454, 1152
2014-01-08 21:20:06, 277, 1454, 1152
2014-01-08 21:25:05, 277, 1454, 1152
2014-01-08 21:30:06, 277, 1454, 1152
2014-01-08 21:35:04, 277, 1454, 1152
2014-01-08 21:40:06, 277, 1454, 1152
2014-01-08 21:45:26, 277, 1454, 1152
2014-01-08 21:50:05, 277, 1454, 1152
2014-01-08 21:55:05, 277, 1454, 1152
2014-01-08 22:00:26, 278, 1455, 1152
2014-01-08 22:05:06, 279, 1456, 1152
2014-01-08 22:10:05, 279, 1456, 1152
2014-01-08 22:15:09, 279, 1456, 1152
2014-01-08 22:20:05, 278, 1456, 1152
2014-01-08 22:25:26, 278, 1456, 1152
2014-01-08 22:30:05, 278, 1456, 1152
2014-01-08 22:35:04, 278, 1456, 1152
2014-01-08 22:40:05, 278, 1456, 1152
2014-01-08 22:45:05, 278, 1456, 1152
2014-01-08 22:50:06, 278, 1456, 1152
2014-01-08 22:55:05, 278, 1456, 1152
2014-01-08 23:00:05, 278, 1456, 1152
2014-01-08 23:05:06, 278, 1456, 1152
2014-01-08 23:10:05, 278, 1456, 1152
2014-01-08 23:15:06, 278, 1456, 1152
2014-01-08 23:20:06, 278, 1456, 1152
2014-01-08 23:25:26, 278, 1456, 1152
2014-01-08 23:30:05, 278, 1456, 1152
2014-01-08 23:35:08, 278, 1456, 1152
2014-01-08 23:40:07, 278, 1456, 1152
2014-01-08 23:45:26, 278, 1456, 1152
2014-01-08 23:50:04, 278, 1456, 1152
2014-01-08 23:55:06, 278, 1456, 1152
2014-01-09 00:00:08, 278, 1456, 1152
2014-01-09 00:05:05, 278, 1456, 1152
2014-01-09 00:10:06, 278, 1456, 1152
2014-01-09 00:15:04, 278, 1456, 1152
2014-01-09 00:20:04, 278, 1456, 1152
2014-01-09 00:25:26, 278, 1456, 1152
2014-01-09 00:30:06, 278, 1456, 1152
2014-01-09 00:35:15, 278, 1456, 1152
2014-01-09 00:40:06, 278, 1456, 1152
2014-01-09 00:45:06, 278, 1456, 1152
2014-01-09 00:50:06, 278, 1456, 1152
2014-01-09 00:55:06, 278, 1456, 1152
2014-01-09 01:00:05, 278, 1456, 1152
2014-01-09 01:05:04, 279, 1457, 1152
2014-01-09 01:10:06, 279, 1457, 1152
2014-01-09 01:15:03, 279, 1457, 1152
2014-01-09 01:20:06, 279, 1457, 1152
2014-01-09 01:25:05, 279, 1457, 1152
2014-01-09 01:30:06, 279, 1457, 1152
2014-01-09 01:35:05, 279, 1457, 1152
2014-01-09 01:40:04, 279, 1457, 1152
2014-01-09 01:45:04, 279, 1457, 1152
2014-01-09 01:50:06, 279, 1457, 1152
2014-01-09 01:55:05, 279, 1457, 1152
2014-01-09 02:00:04, 279, 1457, 1152
2014-01-09 02:05:04, 279, 1457, 1152
2014-01-09 02:10:05, 279, 1457, 1152
2014-01-09 02:15:04, 278, 1457, 1152
2014-01-09 02:20:04, 278, 1457, 1152
2014-01-09 02:25:08, 278, 1457, 1152
2014-01-09 02:30:08, 278, 1457, 1152
2014-01-09 02:35:06, 278, 1457, 1152
2014-01-09 02:40:04, 278, 1457, 1153
2014-01-09 02:45:06, 278, 1457, 1153
2014-01-09 02:50:04, 278, 1457, 1153
2014-01-09 02:55:06, 278, 1457, 1153
2014-01-09 03:00:03, 278, 1457, 1153
2014-01-09 03:05:06, 278, 1457, 1153
2014-01-09 03:10:07, 278, 1457, 1153
2014-01-09 03:15:04, 278, 1457, 1153
2014-01-09 03:20:06, 278, 1457, 1153
2014-01-09 03:25:03, 278, 1457, 1153
2014-01-09 03:30:05, 278, 1457, 1153
2014-01-09 03:35:07, 278, 1457, 1153
2014-01-09 03:40:05, 279, 1458, 1153
2014-01-09 03:45:05, 279, 1458, 1153
2014-01-09 03:50:03, 279, 1458, 1153
2014-01-09 03:55:04, 279, 1458, 1153
2014-01-09 04:00:04, 279, 1458, 1153
2014-01-09 04:05:05, 279, 1458, 1153
2014-01-09 04:10:05, 279, 1458, 1153
2014-01-09 04:15:06, 279, 1458, 1153
2014-01-09 04:20:09, 279, 1458, 1153
2014-01-09 04:25:05, 279, 1458, 1153
2014-01-09 04:30:05, 279, 1458, 1153
2014-01-09 04:35:03, 279, 1458, 1153
2014-01-09 04:40:04, 279, 1458, 1153
2014-01-09 04:45:06, 279, 1458, 1153
2014-01-09 04:50:05, 279, 1458, 1153
2014-01-09 04:55:04, 279, 1458, 1153
2014-01-09 05:00:05, 279, 1458, 1153
2014-01-09 05:05:05, 279, 1458, 1153
2014-01-09 05:10:03, 279, 1458, 1153
2014-01-09 05:15:05, 279, 1458, 1153
2014-01-09 05:20:04, 280, 1459, 1153
2014-01-09 05:25:06, 280, 1459, 1153
2014-01-09 05:30:04, 280, 1459, 1153
2014-01-09 05:35:06, 280, 1459, 1153
2014-01-09 05:40:06, 280, 1459, 1153
2014-01-09 05:45:05, 280, 1459, 1153
2014-01-09 05:50:04, 281, 1460, 1153
2014-01-09 05:55:05, 277, 1457, 1156
2014-01-09 06:00:14, 278, 1458, 1156
2014-01-09 06:05:07, 278, 1458, 1156
2014-01-09 06:10:05, 278, 1458, 1156
2014-01-09 06:15:05, 278, 1458, 1156
2014-01-09 06:20:03, 278, 1458, 1156
2014-01-09 06:25:04, 279, 1460, 1156
2014-01-09 06:30:04, 279, 1460, 1156
2014-01-09 06:35:05, 279, 1460, 1156
2014-01-09 06:40:05, 280, 1461, 1156
2014-01-09 06:45:04, 279, 1461, 1156
2014-01-09 06:50:07, 279, 1461, 1156
2014-01-09 06:55:04, 279, 1461, 1156
2014-01-09 07:00:04, 279, 1461, 1156
2014-01-09 07:05:04, 279, 1461, 1156
2014-01-09 07:10:07, 279, 1461, 1156
2014-01-09 07:15:04, 279, 1461, 1156
2014-01-09 07:20:05, 279, 1461, 1156
2014-01-09 07:25:06, 279, 1461, 1156
2014-01-09 07:30:05, 281, 1463, 1156
2014-01-09 07:35:03, 282, 1464, 1156
2014-01-09 07:40:04, 282, 1464, 1156
2014-01-09 07:45:06, 282, 1464, 1156
2014-01-09 07:50:05, 282, 1464, 1156
2014-01-09 07:55:05, 283, 1465, 1156
2014-01-09 08:00:05, 283, 1465, 1156
2014-01-09 08:05:05, 284, 1466, 1156
2014-01-09 08:10:04, 284, 1466, 1156
2014-01-09 08:15:06, 284, 1466, 1156
2014-01-09 08:20:09, 284, 1466, 1156
2014-01-09 08:25:04, 285, 1467, 1156
2014-01-09 08:30:04, 285, 1467, 1156
2014-01-09 08:35:05, 286, 1468, 1156
2014-01-09 08:40:05, 286, 1468, 1156
2014-01-09 08:45:03, 286, 1468, 1156
2014-01-09 08:50:03, 286, 1468, 1156
2014-01-09 08:55:05, 285, 1468, 1156
2014-01-09 09:00:06, 285, 1468, 1156
2014-01-09 09:05:05, 287, 1470, 1156
2014-01-09 09:10:04, 287, 1470, 1156
2014-01-09 09:15:03, 287, 1470, 1156
2014-01-09 09:20:04, 288, 1471, 1156
2014-01-09 09:25:05, 289, 1473, 1156
2014-01-09 09:30:04, 294, 1478, 1156
2014-01-09 09:35:04, 284, 1458, 1179
2014-01-09 09:40:04, 283, 1459, 1179
2014-01-09 09:45:03, 283, 1459, 1179
2014-01-09 09:50:05, 275, 1452, 1187
2014-01-09 09:55:04, 270, 1447, 1193
2014-01-09 10:00:29, 270, 1444, 1199
2014-01-09 10:05:05, 273, 1447, 1199
2014-01-09 10:10:05, 275, 1449, 1199
2014-01-09 10:15:04, 276, 1450, 1199
2014-01-09 10:20:06, 276, 1450, 1199
2014-01-09 10:25:04, 278, 1452, 1199
2014-01-09 10:30:05, 281, 1455, 1200
2014-01-09 10:35:06, 280, 1457, 1200
2014-01-09 10:40:04, 282, 1459, 1200
2014-01-09 10:45:06, 281, 1459, 1200
2014-01-09 10:50:37, 282, 1460, 1201
2014-01-09 10:55:04, 283, 1461, 1201
2014-01-09 11:00:15, 284, 1461, 1202
2014-01-09 11:05:03, 284, 1462, 1202
2014-01-09 11:10:08, 286, 1464, 1202
2014-01-09 11:15:04, 290, 1468, 1202
2014-01-09 11:20:11, 294, 1472, 1202
2014-01-09 11:25:07, 296, 1474, 1202
2014-01-09 11:30:27, 297, 1475, 1202
2014-01-09 11:35:04, 299, 1477, 1202
2014-01-09 11:40:06, 299, 1477, 1202
2014-01-09 11:45:11, 299, 1478, 1202
2014-01-09 11:50:04, 299, 1478, 1202
2014-01-09 11:55:06, 300, 1479, 1202
2014-01-09 12:00:05, 301, 1480, 1202
2014-01-09 12:06:03, 303, 1483, 1202
2014-01-09 12:10:06, 304, 1484, 1202
2014-01-09 12:15:05, 306, 1486, 1202
2014-01-09 12:20:03, 306, 1486, 1202
2014-01-09 12:25:07, 306, 1486, 1202
2014-01-09 12:30:04, 295, 1473, 1216
2014-01-09 12:35:07, 281, 1462, 1228
2014-01-09 12:40:37, 278, 1462, 1231
2014-01-09 12:45:05, 279, 1465, 1231
2014-01-09 12:50:04, 278, 1465, 1231
2014-01-09 12:55:06, 280, 1467, 1231
2014-01-09 13:00:24, 279, 1469, 1231
2014-01-09 13:05:07, 280, 1470, 1231
2014-01-09 13:10:08, 278, 1471, 1231
2014-01-09 13:15:14, 280, 1473, 1232
2014-01-09 13:20:05, 280, 1473, 1232
2014-01-09 13:25:11, 285, 1478, 1232
2014-01-09 13:30:06, 279, 1473, 1238
2014-01-09 13:35:05, 278, 1473, 1238
2014-01-09 13:40:03, 278, 1475, 1238
2014-01-09 13:45:07, 276, 1471, 1242
2014-01-09 13:50:05, 276, 1471, 1242
2014-01-09 13:55:06, 276, 1471, 1242
2014-01-09 14:00:04, 276, 1471, 1242
2014-01-09 14:05:06, 276, 1471, 1242
2014-01-09 14:10:07, 276, 1468, 1245
2014-01-09 14:15:06, 269, 1455, 1258
2014-01-09 14:20:07, 269, 1455, 1258
2014-01-09 14:25:04, 269, 1455, 1258
2014-01-09 14:30:08, 271, 1457, 1258
2014-01-09 14:35:05, 273, 1459, 1256
2014-01-09 14:40:05, 271, 1458, 1257
2014-01-09 14:45:08, 271, 1458, 1257
2014-01-09 14:50:07, 271, 1458, 1257
2014-01-09 14:55:08, 272, 1459, 1257
2014-01-09 15:00:05, 270, 1459, 1257
2014-01-09 15:05:07, 271, 1458, 1258
2014-01-09 15:10:34, 272, 1459, 1260
2014-01-09 15:15:05, 272, 1459, 1260
2014-01-09 15:20:05, 270, 1459, 1261
2014-01-09 15:25:05, 271, 1460, 1261
2014-01-09 15:50:05, 273, 1460, 1264
2014-01-09 15:55:33, 274, 1461, 1264
2014-01-09 16:00:05, 275, 1460, 1268
2014-01-09 16:05:04, 276, 1460, 1266
2014-01-09 16:10:07, 276, 1460, 1266
2014-01-09 16:15:05, 276, 1460, 1266
2014-01-09 16:20:06, 276, 1460, 1266
2014-01-09 16:25:05, 277, 1461, 1266
2014-01-09 16:30:08, 277, 1461, 1266
2014-01-09 16:35:17, 280, 1464, 1267
2014-01-09 16:40:12, 281, 1466, 1267
2014-01-09 16:45:30, 282, 1467, 1267
2014-01-09 16:50:07, 283, 1468, 1267
2014-01-09 16:55:05, 286, 1471, 1267
2014-01-09 17:00:07, 286, 1471, 1267
2014-01-09 17:05:25, 286, 1471, 1267
2014-01-09 17:10:05, 285, 1472, 1267
2014-01-09 17:15:07, 286, 1473, 1267
2014-01-09 17:20:06, 286, 1473, 1267
2014-01-09 17:25:04, 287, 1475, 1267
2014-01-09 17:30:12, 287, 1475, 1267
2014-01-09 17:35:06, 289, 1477, 1267
2014-01-09 17:40:05, 289, 1477, 1267
2014-01-09 17:45:06, 289, 1477, 1267
2014-01-09 17:50:04, 289, 1477, 1267
2014-01-09 17:55:07, 289, 1477, 1267
2014-01-09 18:00:05, 289, 1477, 1267
2014-01-09 18:05:06, 289, 1477, 1267
2014-01-09 18:10:06, 290, 1478, 1267
2014-01-09 18:15:08, 290, 1478, 1267
2014-01-09 18:20:04, 290, 1478, 1267
2014-01-09 18:25:04, 290, 1478, 1267
2014-01-09 18:30:05, 290, 1478, 1267
2014-01-09 18:35:05, 290, 1478, 1267
2014-01-09 18:40:05, 290, 1478, 1267
2014-01-09 18:45:04, 290, 1478, 1267
2014-01-09 18:50:03, 290, 1478, 1267
2014-01-09 18:55:06, 290, 1478, 1267
2014-01-09 19:00:10, 290, 1478, 1267
2014-01-09 19:05:06, 291, 1479, 1267
2014-01-09 19:10:04, 291, 1479, 1267
2014-01-09 19:15:03, 291, 1479, 1267
2014-01-09 19:20:05, 291, 1479, 1267
2014-01-09 19:25:05, 292, 1480, 1267
2014-01-09 19:30:04, 293, 1481, 1267
2014-01-09 19:35:04, 293, 1481, 1267
2014-01-09 19:40:07, 293, 1481, 1267
2014-01-09 19:45:03, 293, 1481, 1269
2014-01-09 19:50:04, 293, 1481, 1269
2014-01-09 19:55:08, 293, 1481, 1269
2014-01-09 20:00:05, 293, 1481, 1269
2014-01-09 20:05:07, 293, 1481, 1269
2014-01-09 20:10:05, 293, 1481, 1269
2014-01-09 20:15:07, 293, 1481, 1269
2014-01-09 20:20:06, 293, 1481, 1269
2014-01-09 20:25:07, 293, 1481, 1269
2014-01-09 20:30:07, 293, 1481, 1269
2014-01-09 20:35:03, 293, 1481, 1269
2014-01-09 20:40:05, 293, 1481, 1269
2014-01-09 20:45:03, 294, 1482, 1269
2014-01-09 20:50:08, 294, 1482, 1269
2014-01-09 20:55:03, 291, 1480, 1271
2014-01-09 21:00:06, 291, 1480, 1271
2014-01-09 21:05:03, 288, 1478, 1273
2014-01-09 21:10:06, 288, 1478, 1273
2014-01-09 21:15:06, 288, 1478, 1273
2014-01-09 21:20:04, 288, 1478, 1273
2014-01-09 21:25:05, 289, 1479, 1273
2014-01-09 21:30:05, 289, 1479, 1273
2014-01-09 21:35:06, 289, 1479, 1273
2014-01-09 21:40:06, 289, 1479, 1273
2014-01-09 21:45:04, 289, 1479, 1273
2014-01-09 21:50:05, 289, 1479, 1273
2014-01-09 21:55:08, 289, 1479, 1273
2014-01-09 22:00:04, 289, 1479, 1273
2014-01-09 22:05:05, 289, 1479, 1273
2014-01-09 22:10:05, 289, 1479, 1273
2014-01-09 22:15:05, 289, 1479, 1273
2014-01-09 22:20:03, 289, 1479, 1273
2014-01-09 22:25:04, 289, 1479, 1273
2014-01-09 22:30:06, 289, 1479, 1273
2014-01-09 22:35:06, 289, 1479, 1273
2014-01-09 22:40:08, 289, 1479, 1273
2014-01-09 22:45:06, 289, 1479, 1273
2014-01-09 22:50:05, 289, 1479, 1273
2014-01-09 22:55:05, 289, 1479, 1273
2014-01-09 23:00:10, 289, 1479, 1273
2014-01-09 23:05:04, 290, 1480, 1273
2014-01-09 23:10:05, 290, 1480, 1273
2014-01-09 23:15:04, 291, 1481, 1273
2014-01-09 23:20:04, 291, 1481, 1273
2014-01-09 23:25:05, 292, 1482, 1273
2014-01-09 23:30:04, 292, 1482, 1273
2014-01-09 23:35:04, 292, 1482, 1273
2014-01-09 23:40:05, 292, 1482, 1273
2014-01-09 23:45:06, 292, 1482, 1273
2014-01-09 23:50:04, 292, 1482, 1273
2014-01-09 23:55:06, 292, 1482, 1273
2014-01-10 00:00:04, 293, 1483, 1273
2014-01-10 00:05:04, 294, 1484, 1273
2014-01-10 00:10:06, 294, 1484, 1273
2014-01-10 00:15:03, 294, 1484, 1273
2014-01-10 00:20:05, 294, 1484, 1273
2014-01-10 00:25:05, 294, 1484, 1273
2014-01-10 00:30:04, 294, 1484, 1273
2014-01-10 00:35:05, 294, 1484, 1273
2014-01-10 00:40:05, 294, 1484, 1273
2014-01-10 00:45:05, 294, 1484, 1273
2014-01-10 00:50:07, 294, 1484, 1273
2014-01-10 00:55:10, 294, 1484, 1273
2014-01-10 01:00:05, 294, 1484, 1273
2014-01-10 01:05:06, 294, 1484, 1273
2014-01-10 01:10:06, 295, 1485, 1273
2014-01-10 01:15:07, 295, 1485, 1273
2014-01-10 01:20:08, 295, 1485, 1273
2014-01-10 01:25:06, 295, 1485, 1273
2014-01-10 01:30:08, 295, 1485, 1273
2014-01-10 01:35:06, 295, 1485, 1273
2014-01-10 01:40:06, 295, 1485, 1273
2014-01-10 01:45:06, 295, 1485, 1273
2014-01-10 01:50:04, 295, 1485, 1273
2014-01-10 01:55:04, 295, 1485, 1273
2014-01-10 02:00:06, 295, 1485, 1273
2014-01-10 02:05:04, 295, 1485, 1273
2014-01-10 02:10:06, 295, 1485, 1273
2014-01-10 02:15:06, 295, 1485, 1273
2014-01-10 02:20:04, 295, 1485, 1273
2014-01-10 02:25:08, 295, 1485, 1273
2014-01-10 02:30:05, 293, 1485, 1273
2014-01-10 02:35:04, 293, 1485, 1273
2014-01-10 02:40:07, 293, 1485, 1273
2014-01-10 02:45:06, 293, 1485, 1273
2014-01-10 02:50:06, 293, 1485, 1273
2014-01-10 02:55:07, 293, 1485, 1273
2014-01-10 03:00:05, 293, 1485, 1273
2014-01-10 03:05:06, 293, 1485, 1273
2014-01-10 03:10:04, 293, 1485, 1273
2014-01-10 03:15:07, 293, 1485, 1273
2014-01-10 03:20:05, 293, 1485, 1273
2014-01-10 03:25:07, 293, 1485, 1273
2014-01-10 03:30:07, 293, 1485, 1273
2014-01-10 03:35:04, 293, 1485, 1273
2014-01-10 03:40:04, 293, 1485, 1273
2014-01-10 03:45:06, 293, 1485, 1273
2014-01-10 03:50:06, 293, 1485, 1273
2014-01-10 03:55:08, 293, 1485, 1273
2014-01-10 04:00:04, 293, 1485, 1273
2014-01-10 04:05:07, 293, 1485, 1273
2014-01-10 04:10:06, 293, 1485, 1273
2014-01-10 04:15:05, 293, 1485, 1273
2014-01-10 04:20:07, 293, 1485, 1273
2014-01-10 04:25:06, 293, 1485, 1273
2014-01-10 04:30:06, 293, 1485, 1273
2014-01-10 04:35:04, 294, 1486, 1273
2014-01-10 04:40:06, 294, 1486, 1273
2014-01-10 04:45:05, 294, 1486, 1273
2014-01-10 04:50:05, 294, 1486, 1273
2014-01-10 04:55:06, 294, 1486, 1273
2014-01-10 05:00:26, 294, 1486, 1273
2014-01-10 05:05:06, 294, 1486, 1273
2014-01-10 05:10:05, 294, 1486, 1273
2014-01-10 05:15:04, 294, 1486, 1273
2014-01-10 05:20:06, 294, 1486, 1273
2014-01-10 05:25:08, 294, 1486, 1273
2014-01-10 05:30:06, 294, 1486, 1273
2014-01-10 05:35:06, 294, 1486, 1273
2014-01-10 05:40:07, 294, 1486, 1273
2014-01-10 05:45:08, 294, 1486, 1273
2014-01-10 05:50:08, 294, 1486, 1273
2014-01-10 05:55:06, 294, 1486, 1273
2014-01-10 06:00:05, 294, 1486, 1273
2014-01-10 06:05:04, 295, 1487, 1273
2014-01-10 06:10:08, 295, 1487, 1273
2014-01-10 06:15:06, 295, 1487, 1273
2014-01-10 06:20:06, 295, 1487, 1273
2014-01-10 06:25:06, 295, 1487, 1273
2014-01-10 06:30:05, 295, 1487, 1273
2014-01-10 06:35:07, 295, 1487, 1273
2014-01-10 06:40:07, 295, 1487, 1273
2014-01-10 06:45:07, 295, 1487, 1273
2014-01-10 06:50:06, 295, 1487, 1273
2014-01-10 06:55:07, 295, 1487, 1273
2014-01-10 07:00:05, 295, 1487, 1273
2014-01-10 07:05:06, 296, 1488, 1273
2014-01-10 07:10:06, 296, 1488, 1273
2014-01-10 07:15:07, 298, 1490, 1273
2014-01-10 07:20:06, 298, 1490, 1273
2014-01-10 07:25:05, 299, 1491, 1273
2014-01-10 07:30:06, 299, 1491, 1273
2014-01-10 07:35:06, 299, 1491, 1273
2014-01-10 07:40:08, 299, 1491, 1273
2014-01-10 07:45:04, 299, 1491, 1273
2014-01-10 07:50:06, 299, 1491, 1273
2014-01-10 07:55:07, 299, 1491, 1273
2014-01-10 08:00:05, 299, 1491, 1273
2014-01-10 08:05:09, 299, 1491, 1273
2014-01-10 08:10:05, 299, 1491, 1273
2014-01-10 08:15:06, 299, 1491, 1273
2014-01-10 08:20:05, 299, 1491, 1273
2014-01-10 08:25:04, 299, 1491, 1273
2014-01-10 08:30:05, 299, 1491, 1273
2014-01-10 08:35:06, 299, 1491, 1273
2014-01-10 08:40:06, 300, 1492, 1273
2014-01-10 08:45:05, 301, 1493, 1273
2014-01-10 08:50:05, 303, 1495, 1273
2014-01-10 08:55:05, 303, 1495, 1273
2014-01-10 09:00:07, 304, 1496, 1273
2014-01-10 09:05:06, 304, 1496, 1273
2014-01-10 09:10:07, 306, 1498, 1273
2014-01-10 09:15:05, 299, 1492, 1282
2014-01-10 09:20:05, 300, 1494, 1282
2014-01-10 09:25:07, 301, 1495, 1282
2014-01-10 09:30:06, 302, 1496, 1282
2014-01-10 09:35:05, 304, 1498, 1283
2014-01-10 09:40:05, 305, 1499, 1283
2014-01-10 09:45:04, 304, 1500, 1283
2014-01-10 09:50:05, 298, 1499, 1287
2014-01-10 09:55:07, 299, 1500, 1287
2014-01-10 10:00:08, 301, 1502, 1287
2014-01-10 10:05:06, 301, 1502, 1287
2014-01-10 10:10:05, 303, 1504, 1287
2014-01-10 10:15:08, 301, 1503, 1288
2014-01-10 10:20:04, 299, 1501, 1292
2014-01-10 10:25:48, 292, 1495, 1299
2014-01-10 10:30:08, 292, 1493, 1302
2014-01-10 10:35:05, 293, 1495, 1302
2014-01-10 10:40:05, 291, 1494, 1304
2014-01-10 10:45:05, 290, 1495, 1305
2014-01-10 10:50:04, 288, 1494, 1307
2014-01-10 10:55:06, 289, 1486, 1318
2014-01-10 11:00:03, 284, 1465, 1337
2014-01-10 11:05:04, 269, 1442, 1362
2014-01-10 11:10:08, 270, 1444, 1363
2014-01-10 11:15:04, 271, 1445, 1363
2014-01-10 11:20:06, 269, 1440, 1371
2014-01-10 11:25:03, 271, 1442, 1371
2014-01-10 11:30:05, 268, 1439, 1375
2014-01-10 11:35:06, 269, 1440, 1375
2014-01-10 11:40:04, 271, 1442, 1375
2014-01-10 11:45:09, 270, 1442, 1375
2014-01-10 11:50:08, 273, 1445, 1375
2014-01-10 11:55:05, 273, 1445, 1375
2014-01-10 12:00:05, 274, 1446, 1375
2014-01-10 12:05:04, 274, 1448, 1374
2014-01-10 12:10:05, 274, 1448, 1374
2014-01-10 12:15:03, 275, 1449, 1374
2014-01-10 12:20:05, 275, 1451, 1374
2014-01-10 12:25:03, 275, 1451, 1374
2014-01-10 12:30:04, 275, 1451, 1374
2014-01-10 12:35:07, 276, 1452, 1374
2014-01-10 12:40:05, 276, 1452, 1374
2014-01-10 12:45:06, 276, 1452, 1374
2014-01-10 12:50:04, 276, 1452, 1374
2014-01-10 12:55:06, 276, 1452, 1374
2014-01-10 13:00:05, 269, 1441, 1385
2014-01-10 13:05:05, 271, 1443, 1385
2014-01-10 13:10:06, 272, 1444, 1385
2014-01-10 13:15:08, 273, 1445, 1385
2014-01-10 13:20:04, 270, 1443, 1388
2014-01-10 13:25:05, 269, 1442, 1389
2014-01-10 13:30:08, 269, 1442, 1389
2014-01-10 13:35:04, 270, 1443, 1389
2014-01-10 13:40:04, 271, 1444, 1389
2014-01-10 13:45:03, 272, 1445, 1389
2014-01-10 13:50:06, 271, 1445, 1389
2014-01-10 13:55:05, 271, 1445, 1389
2014-01-10 14:00:04, 273, 1447, 1389
2014-01-10 14:05:05, 273, 1447, 1389
2014-01-10 14:10:06, 271, 1447, 1391
2014-01-10 14:15:05, 271, 1447, 1391
2014-01-10 14:20:05, 269, 1444, 1394
2014-01-10 14:25:03, 268, 1444, 1394
2014-01-10 14:30:08, 268, 1444, 1394
2014-01-10 14:35:06, 268, 1444, 1394
2014-01-10 14:40:06, 268, 1444, 1394
2014-01-10 14:45:05, 268, 1444, 1394
2014-01-10 14:50:04, 268, 1444, 1394
2014-01-10 14:55:04, 268, 1444, 1394
2014-01-10 15:00:05, 268, 1444, 1394
2014-01-10 15:05:04, 268, 1444, 1394
2014-01-10 15:10:04, 270, 1446, 1394
2014-01-10 15:15:06, 271, 1447, 1394
2014-01-10 15:20:06, 271, 1447, 1394
2014-01-10 15:25:05, 271, 1447, 1394
2014-01-10 15:30:06, 271, 1447, 1394
2014-01-10 15:35:06, 273, 1449, 1394
2014-01-10 15:40:06, 272, 1449, 1394
2014-01-10 15:45:06, 272, 1449, 1394
2014-01-10 15:50:03, 272, 1449, 1394
2014-01-10 15:55:06, 272, 1449, 1394
2014-01-10 16:00:06, 272, 1449, 1394
2014-01-10 16:05:26, 272, 1449, 1394
2014-01-10 16:10:08, 272, 1449, 1394
2014-01-10 16:15:05, 272, 1449, 1394
2014-01-10 16:20:06, 268, 1443, 1400
2014-01-10 16:25:08, 269, 1444, 1400
2014-01-10 16:30:05, 269, 1444, 1400
2014-01-10 16:35:06, 269, 1444, 1400
2014-01-10 16:40:06, 269, 1444, 1400
2014-01-10 16:45:05, 269, 1444, 1400
2014-01-10 16:50:26, 269, 1444, 1400
2014-01-10 16:55:05, 269, 1444, 1400
2014-01-10 17:00:06, 269, 1444, 1400
2014-01-10 17:05:06, 270, 1445, 1400
2014-01-10 17:10:25, 271, 1446, 1400
2014-01-10 17:15:05, 272, 1447, 1400
2014-01-10 17:20:05, 272, 1447, 1400
2014-01-10 17:25:07, 272, 1447, 1400
2014-01-10 17:30:06, 272, 1447, 1400
2014-01-10 17:35:06, 269, 1444, 1403
2014-01-10 17:40:04, 269, 1444, 1403
2014-01-10 17:45:04, 268, 1443, 1404
2014-01-10 17:50:05, 268, 1443, 1404
2014-01-10 17:55:04, 268, 1443, 1404
2014-01-10 18:00:06, 268, 1443, 1404
2014-01-10 18:05:04, 268, 1443, 1404
2014-01-10 18:10:06, 270, 1445, 1404
2014-01-10 18:15:06, 271, 1446, 1404
2014-01-10 18:20:06, 271, 1446, 1404
2014-01-10 18:25:04, 271, 1446, 1404
2014-01-10 18:30:06, 269, 1446, 1404
2014-01-10 18:35:04, 269, 1446, 1404
2014-01-10 18:40:08, 269, 1446, 1404
2014-01-10 18:45:04, 269, 1446, 1404
2014-01-10 18:50:03, 269, 1446, 1404
2014-01-10 18:55:05, 268, 1444, 1406
2014-01-10 19:00:04, 268, 1444, 1406
2014-01-10 19:05:05, 268, 1444, 1406
2014-01-10 19:10:05, 269, 1445, 1406
2014-01-10 19:15:05, 269, 1445, 1406
2014-01-10 19:20:06, 269, 1445, 1406
2014-01-10 19:25:07, 269, 1445, 1406
2014-01-10 19:30:04, 269, 1445, 1406
2014-01-10 19:35:06, 269, 1445, 1406
2014-01-10 19:40:05, 269, 1445, 1406
2014-01-10 19:45:06, 269, 1445, 1406
2014-01-10 19:50:04, 269, 1445, 1406
2014-01-10 19:55:06, 269, 1445, 1406
2014-01-10 20:00:04, 269, 1445, 1406
2014-01-10 20:05:04, 270, 1446, 1406
2014-01-10 20:10:05, 270, 1446, 1406
2014-01-10 20:15:04, 269, 1446, 1406
2014-01-10 20:20:06, 269, 1446, 1406
2014-01-10 20:25:04, 269, 1446, 1406
2014-01-10 20:30:08, 269, 1446, 1406
2014-01-10 20:35:03, 269, 1446, 1406
2014-01-10 20:40:05, 269, 1446, 1406
2014-01-10 20:45:04, 269, 1446, 1406
2014-01-10 20:50:05, 269, 1446, 1406
2014-01-10 20:55:04, 269, 1446, 1406
2014-01-10 21:00:06, 269, 1446, 1406
2014-01-10 21:05:04, 269, 1446, 1406
2014-01-10 21:10:05, 269, 1446, 1406
2014-01-10 21:15:08, 269, 1446, 1406
2014-01-10 21:20:04, 269, 1446, 1406
2014-01-10 21:25:05, 269, 1446, 1406
2014-01-10 21:30:06, 269, 1446, 1406
2014-01-10 21:35:06, 269, 1446, 1406
2014-01-10 21:40:08, 269, 1446, 1406
2014-01-10 21:45:04, 269, 1446, 1406
2014-01-10 21:50:05, 269, 1446, 1406
2014-01-10 21:55:08, 269, 1446, 1406
2014-01-10 22:00:04, 269, 1446, 1406
2014-01-10 22:05:07, 269, 1446, 1406
2014-01-10 22:10:05, 270, 1447, 1406
2014-01-10 22:15:06, 270, 1447, 1406
2014-01-10 22:20:06, 270, 1447, 1406
2014-01-10 22:25:05, 270, 1447, 1406
2014-01-10 22:30:09, 270, 1447, 1406
2014-01-10 22:35:06, 270, 1447, 1406
2014-01-10 22:40:04, 270, 1447, 1406
2014-01-10 22:45:06, 270, 1447, 1406
2014-01-10 22:50:07, 270, 1447, 1406
2014-01-10 22:55:05, 270, 1447, 1406
2014-01-10 23:00:07, 271, 1448, 1406
2014-01-10 23:05:07, 271, 1448, 1406
2014-01-10 23:10:06, 271, 1448, 1406
2014-01-10 23:15:04, 271, 1448, 1406
2014-01-10 23:20:06, 271, 1448, 1406
2014-01-10 23:25:06, 269, 1447, 1407
2014-01-10 23:30:06, 269, 1447, 1407
2014-01-10 23:35:06, 269, 1447, 1407
2014-01-10 23:40:06, 269, 1447, 1407
2014-01-10 23:45:05, 269, 1447, 1407
2014-01-10 23:50:05, 269, 1447, 1407
2014-01-10 23:55:06, 269, 1447, 1407
2014-01-11 00:00:06, 269, 1448, 1407
2014-01-11 00:05:05, 269, 1448, 1407
2014-01-11 00:10:06, 269, 1448, 1407
2014-01-11 00:15:07, 269, 1448, 1407
2014-01-11 00:20:07, 273, 1452, 1407
2014-01-11 00:25:05, 273, 1452, 1407
2014-01-11 00:30:06, 269, 1446, 1413
2014-01-11 00:35:04, 269, 1446, 1413
2014-01-11 00:40:05, 269, 1446, 1413
2014-01-11 00:45:06, 269, 1446, 1413
2014-01-11 00:50:04, 269, 1446, 1417
2014-01-11 00:55:07, 269, 1446, 1417
2014-01-11 01:00:04, 269, 1446, 1417
2014-01-11 01:05:07, 270, 1447, 1417
2014-01-11 01:10:05, 270, 1447, 1417
2014-01-11 01:15:05, 270, 1447, 1417
2014-01-11 01:20:08, 270, 1447, 1417
2014-01-11 01:25:07, 270, 1447, 1417
2014-01-11 01:30:07, 270, 1447, 1417
2014-01-11 01:35:08, 270, 1447, 1417
2014-01-11 01:40:07, 270, 1447, 1417
2014-01-11 01:45:05, 270, 1447, 1417
2014-01-11 01:50:05, 270, 1447, 1417
2014-01-11 02:00:07, 270, 1447, 1417
2014-01-11 02:05:05, 270, 1447, 1420
2014-01-11 02:10:05, 270, 1447, 1420
2014-01-11 02:15:05, 270, 1447, 1420
2014-01-11 02:20:07, 270, 1447, 1420
2014-01-11 02:25:07, 270, 1447, 1420
2014-01-11 02:30:07, 270, 1447, 1420
2014-01-11 02:35:04, 270, 1447, 1420
2014-01-11 02:40:04, 270, 1447, 1420
2014-01-11 02:45:06, 270, 1447, 1420
2014-01-11 02:50:03, 270, 1447, 1420
2014-01-11 02:55:04, 270, 1447, 1420
2014-01-11 03:00:05, 270, 1447, 1420
2014-01-11 03:05:07, 270, 1447, 1420
2014-01-11 03:10:09, 270, 1447, 1420
2014-01-11 03:15:06, 270, 1447, 1420
2014-01-11 03:20:05, 270, 1447, 1420
2014-01-11 03:25:06, 271, 1448, 1420
2014-01-11 03:30:05, 271, 1448, 1420
2014-01-11 03:35:05, 271, 1448, 1420
2014-01-11 03:40:04, 271, 1448, 1420
2014-01-11 03:45:04, 271, 1448, 1420
2014-01-11 03:50:05, 271, 1448, 1420
2014-01-11 03:55:06, 271, 1448, 1420
2014-01-11 04:00:05, 271, 1448, 1420
2014-01-11 04:05:04, 271, 1448, 1420
2014-01-11 04:15:06, 271, 1448, 1420
2014-01-11 04:20:07, 271, 1448, 1420
2014-01-11 04:25:05, 271, 1448, 1420
2014-01-11 04:30:05, 271, 1448, 1420
2014-01-11 04:35:04, 271, 1448, 1420
2014-01-11 04:40:07, 271, 1448, 1420
2014-01-11 04:45:09, 272, 1449, 1420
2014-01-11 04:50:06, 272, 1449, 1420
2014-01-11 04:55:04, 272, 1449, 1420
2014-01-11 05:00:08, 272, 1449, 1420
2014-01-11 05:05:05, 272, 1449, 1420
2014-01-11 05:10:09, 272, 1449, 1420
2014-01-11 05:15:09, 272, 1449, 1420
2014-01-11 05:20:06, 272, 1449, 1420
2014-01-11 05:25:06, 272, 1449, 1420
2014-01-11 05:30:03, 272, 1449, 1420
2014-01-11 05:35:06, 272, 1449, 1420
2014-01-11 05:40:07, 272, 1449, 1420
2014-01-11 05:45:06, 272, 1449, 1420
2014-01-11 05:50:07, 272, 1449, 1420
2014-01-11 05:55:05, 272, 1449, 1420
2014-01-11 06:00:04, 272, 1449, 1420
2014-01-11 06:05:06, 273, 1450, 1420
2014-01-11 06:10:05, 273, 1450, 1420
2014-01-11 06:15:05, 274, 1451, 1420
2014-01-11 06:20:07, 274, 1451, 1420
2014-01-11 06:25:05, 274, 1451, 1420
2014-01-11 06:30:06, 274, 1451, 1420
2014-01-11 06:35:05, 274, 1451, 1420
2014-01-11 06:40:06, 274, 1451, 1420
2014-01-11 06:45:04, 274, 1451, 1420
2014-01-11 06:50:04, 274, 1451, 1420
2014-01-11 06:55:06, 274, 1451, 1420
2014-01-11 07:00:05, 274, 1451, 1420
2014-01-11 07:05:05, 274, 1451, 1420
2014-01-11 07:10:06, 274, 1451, 1420
2014-01-11 07:15:17, 268, 1444, 1427
2014-01-11 07:20:04, 268, 1444, 1427
2014-01-11 07:25:06, 268, 1444, 1427
2014-01-11 07:30:06, 268, 1444, 1427
2014-01-11 07:35:06, 268, 1444, 1427
2014-01-11 07:40:05, 268, 1444, 1427
2014-01-11 07:45:05, 268, 1444, 1427
2014-01-11 07:50:04, 268, 1444, 1427
2014-01-11 07:55:04, 268, 1444, 1427
2014-01-11 08:00:04, 268, 1444, 1427
2014-01-11 08:05:04, 268, 1444, 1427
2014-01-11 08:10:05, 268, 1444, 1427
2014-01-11 08:15:07, 268, 1444, 1427
2014-01-11 08:20:06, 268, 1444, 1427
2014-01-11 08:25:03, 268, 1444, 1427
2014-01-11 08:30:04, 268, 1444, 1427
2014-01-11 08:35:04, 268, 1444, 1427
2014-01-11 08:40:06, 268, 1444, 1427
2014-01-11 08:45:04, 268, 1444, 1427
2014-01-11 08:50:03, 268, 1444, 1427
2014-01-11 08:55:06, 268, 1444, 1427
2014-01-11 09:00:06, 268, 1444, 1427
2014-01-11 09:05:05, 268, 1444, 1427
2014-01-11 09:10:04, 268, 1444, 1427
2014-01-11 09:15:06, 268, 1444, 1427
2014-01-11 09:20:05, 268, 1444, 1427
2014-01-11 09:25:03, 268, 1444, 1427
2014-01-11 09:30:06, 268, 1444, 1427
2014-01-11 09:35:04, 268, 1444, 1427
2014-01-11 09:40:02, 268, 1444, 1427
2014-01-11 09:45:04, 268, 1444, 1427
2014-01-11 09:50:06, 268, 1444, 1427
2014-01-11 09:55:05, 268, 1444, 1427
2014-01-11 10:00:05, 268, 1444, 1427
2014-01-11 10:05:07, 268, 1444, 1427
2014-01-11 10:10:05, 268, 1444, 1427
2014-01-11 10:15:04, 268, 1444, 1427
2014-01-11 10:20:05, 268, 1444, 1427
2014-01-11 10:25:05, 268, 1444, 1427
2014-01-11 10:30:06, 268, 1444, 1427
2014-01-11 10:35:05, 268, 1444, 1427
2014-01-11 10:40:05, 268, 1444, 1427
2014-01-11 10:45:06, 268, 1444, 1427
2014-01-11 10:50:03, 268, 1444, 1427
2014-01-11 10:55:06, 268, 1444, 1427
2014-01-11 11:00:06, 268, 1444, 1427
2014-01-11 11:05:05, 268, 1444, 1427
2014-01-11 11:10:06, 268, 1444, 1427
2014-01-11 11:15:04, 268, 1444, 1427
2014-01-11 11:20:04, 268, 1444, 1427
2014-01-11 11:25:04, 268, 1444, 1427
2014-01-11 11:30:05, 268, 1444, 1427
2014-01-11 11:35:04, 268, 1444, 1427
2014-01-11 11:40:05, 268, 1444, 1427
2014-01-11 11:45:05, 268, 1444, 1427
2014-01-11 11:50:04, 268, 1444, 1427
2014-01-11 11:55:03, 268, 1444, 1427
2014-01-11 12:00:04, 268, 1444, 1427
2014-01-11 12:05:05, 268, 1444, 1427
2014-01-11 12:10:05, 268, 1444, 1427
2014-01-11 12:15:05, 268, 1444, 1427
2014-01-11 12:20:05, 268, 1444, 1427
2014-01-11 12:25:06, 268, 1444, 1427
2014-01-11 12:30:06, 268, 1444, 1427
2014-01-11 12:35:06, 268, 1444, 1427
2014-01-11 12:40:04, 268, 1444, 1427
2014-01-11 12:45:05, 268, 1444, 1427
2014-01-11 12:50:05, 268, 1444, 1427
2014-01-11 12:55:07, 268, 1444, 1427
2014-01-11 13:00:04, 268, 1444, 1427
2014-01-11 13:05:04, 268, 1444, 1427
2014-01-11 13:10:08, 268, 1444, 1427
2014-01-11 13:15:04, 268, 1444, 1427
2014-01-11 13:20:07, 268, 1444, 1427
2014-01-11 13:25:07, 268, 1444, 1427
2014-01-11 13:30:06, 269, 1445, 1427
2014-01-11 13:35:07, 271, 1447, 1427
2014-01-11 13:40:04, 271, 1447, 1427
2014-01-11 13:45:05, 271, 1447, 1427
2014-01-11 13:50:05, 271, 1447, 1427
2014-01-11 13:55:07, 271, 1447, 1427
2014-01-11 14:00:05, 271, 1447, 1427
2014-01-11 14:05:06, 270, 1447, 1427
2014-01-11 14:10:08, 270, 1447, 1427
2014-01-11 14:15:05, 270, 1447, 1427
2014-01-11 14:20:06, 270, 1447, 1427
2014-01-11 14:25:07, 270, 1447, 1427
2014-01-11 14:30:06, 270, 1447, 1427
2014-01-11 14:35:06, 271, 1448, 1427
2014-01-11 14:40:05, 272, 1449, 1427
2014-01-11 14:45:07, 272, 1449, 1427
2014-01-11 14:50:06, 272, 1449, 1427
2014-01-11 14:55:06, 272, 1449, 1427
2014-01-11 15:00:08, 272, 1449, 1427
2014-01-11 15:05:06, 272, 1449, 1427
2014-01-11 15:10:07, 273, 1450, 1427
2014-01-11 15:15:05, 275, 1452, 1427
2014-01-11 15:20:04, 268, 1445, 1434
2014-01-11 15:25:07, 268, 1445, 1434
2014-01-11 15:30:04, 268, 1445, 1434
2014-01-11 15:35:06, 268, 1445, 1434
2014-01-11 15:40:05, 272, 1449, 1434
2014-01-11 15:45:05, 272, 1449, 1434
2014-01-11 15:50:06, 273, 1450, 1434
2014-01-11 15:55:07, 273, 1450, 1434
2014-01-11 16:00:06, 273, 1450, 1434
2014-01-11 16:05:06, 273, 1450, 1434
2014-01-11 16:10:06, 273, 1450, 1434
2014-01-11 16:15:06, 273, 1450, 1434
2014-01-11 16:20:06, 273, 1450, 1434
2014-01-11 16:25:06, 273, 1450, 1434
2014-01-11 16:30:05, 273, 1450, 1434
2014-01-11 16:35:05, 273, 1450, 1434
2014-01-11 16:40:06, 273, 1450, 1434
2014-01-11 16:45:05, 273, 1450, 1434
2014-01-11 16:50:04, 273, 1450, 1434
2014-01-11 16:55:07, 273, 1450, 1434
2014-01-11 17:00:04, 273, 1450, 1434
2014-01-11 17:05:04, 273, 1450, 1434
2014-01-11 17:10:05, 273, 1450, 1434
2014-01-11 17:15:05, 273, 1450, 1434
2014-01-11 17:20:10, 273, 1450, 1434
2014-01-11 17:25:04, 273, 1450, 1434
2014-01-11 17:30:06, 273, 1450, 1434
2014-01-11 17:35:06, 273, 1450, 1434
2014-01-11 17:40:05, 273, 1450, 1434
2014-01-11 17:45:06, 273, 1450, 1434
2014-01-11 17:50:07, 273, 1450, 1434
2014-01-11 17:55:07, 273, 1450, 1434
2014-01-11 18:00:05, 273, 1450, 1434
2014-01-11 18:05:07, 274, 1451, 1434
2014-01-11 18:10:05, 274, 1451, 1434
2014-01-11 18:15:05, 274, 1451, 1434
2014-01-11 18:20:05, 274, 1451, 1434
2014-01-11 18:25:06, 274, 1451, 1434
2014-01-11 18:30:07, 274, 1451, 1434
2014-01-11 18:35:04, 274, 1451, 1434
2014-01-11 18:40:07, 274, 1451, 1434
2014-01-11 18:45:05, 274, 1451, 1434
2014-01-11 18:50:26, 274, 1451, 1434
2014-01-11 18:55:08, 274, 1451, 1434
2014-01-11 19:00:07, 274, 1451, 1434
2014-01-11 19:05:06, 274, 1451, 1434
2014-01-11 19:10:03, 275, 1452, 1434
2014-01-11 19:15:04, 275, 1452, 1434
2014-01-11 19:20:04, 275, 1452, 1434
2014-01-11 19:25:04, 275, 1452, 1434
2014-01-11 19:30:04, 275, 1452, 1434
2014-01-11 19:35:05, 275, 1452, 1434
2014-01-11 19:40:03, 275, 1452, 1434
2014-01-11 19:45:06, 272, 1449, 1437
2014-01-11 19:50:07, 272, 1449, 1437
2014-01-11 19:55:06, 272, 1449, 1437
2014-01-11 20:00:04, 272, 1449, 1437
2014-01-11 20:05:05, 272, 1449, 1437
2014-01-11 20:10:06, 272, 1449, 1437
2014-01-11 20:15:05, 272, 1449, 1437
2014-01-11 20:20:05, 272, 1449, 1437
2014-01-11 20:25:05, 272, 1449, 1437
2014-01-11 20:30:03, 272, 1449, 1437
2014-01-11 20:35:08, 272, 1449, 1437
2014-01-11 20:40:04, 272, 1449, 1437
2014-01-11 20:45:06, 272, 1449, 1437
2014-01-11 20:50:26, 272, 1449, 1437
2014-01-11 20:55:05, 272, 1449, 1437
2014-01-11 21:00:06, 272, 1449, 1437
2014-01-11 21:05:06, 272, 1449, 1437
2014-01-11 21:10:06, 272, 1449, 1437
2014-01-11 21:15:05, 272, 1449, 1437
2014-01-11 21:20:04, 272, 1449, 1437
2014-01-11 21:25:07, 272, 1449, 1437
2014-01-11 21:30:06, 272, 1449, 1437
2014-01-11 21:35:07, 272, 1449, 1437
2014-01-11 21:40:03, 272, 1449, 1437
2014-01-11 21:45:06, 272, 1449, 1437
2014-01-11 21:50:04, 272, 1449, 1437
2014-01-11 21:55:04, 272, 1449, 1437
2014-01-11 22:00:04, 272, 1449, 1437
2014-01-11 22:05:06, 272, 1449, 1437
2014-01-11 22:10:04, 272, 1449, 1437
2014-01-11 22:15:04, 272, 1449, 1437
2014-01-11 22:20:04, 272, 1449, 1437
2014-01-11 22:25:06, 272, 1449, 1437
2014-01-11 22:30:04, 272, 1449, 1437
2014-01-11 22:35:05, 272, 1449, 1437
2014-01-11 22:40:06, 272, 1449, 1437
2014-01-11 22:45:05, 272, 1449, 1437
2014-01-11 22:50:05, 272, 1449, 1437
2014-01-11 22:55:06, 272, 1449, 1437
2014-01-11 23:00:05, 272, 1449, 1437
2014-01-11 23:05:04, 272, 1449, 1437
2014-01-11 23:10:05, 272, 1449, 1437
2014-01-11 23:15:04, 272, 1449, 1437
2014-01-11 23:20:04, 272, 1449, 1437
2014-01-11 23:25:07, 272, 1449, 1437
2014-01-11 23:30:04, 272, 1449, 1437
2014-01-11 23:35:05, 272, 1449, 1437
2014-01-11 23:40:04, 272, 1449, 1437
2014-01-11 23:45:04, 272, 1449, 1437
2014-01-11 23:50:05, 273, 1450, 1437
2014-01-11 23:55:04, 279, 1456, 1437
2014-01-12 00:00:06, 280, 1457, 1437
2014-01-12 00:05:03, 280, 1457, 1437
2014-01-12 00:10:04, 280, 1457, 1437
2014-01-12 00:15:04, 280, 1457, 1437
2014-01-12 00:20:05, 280, 1457, 1437
